<?xml version="1.0" encoding="UTF-8"?>
<GenRun Id="impl_1" LaunchPart="xc7a35ticpg236-1L" LaunchTime="1684255280">
  <File Type="ROUTE-PWR" Name="controlador_vel_motor_power_routed.rpt"/>
  <File Type="PA-TCL" Name="controlador_vel_motor.tcl"/>
  <File Type="ROUTE-PWR-SUM" Name="controlador_vel_motor_power_summary_routed.pb"/>
  <File Type="REPORTS-TCL" Name="controlador_vel_motor_reports.tcl"/>
  <File Type="BITSTR-MSK" Name="controlador_vel_motor.msk"/>
  <File Type="ROUTE-CLK" Name="controlador_vel_motor_clock_utilization_routed.rpt"/>
  <File Type="RDI-RDI" Name="controlador_vel_motor.vdi"/>
  <File Type="BG-BIT" Name="controlador_vel_motor.bit"/>
  <File Type="BG-DRC" Name="controlador_vel_motor.drc"/>
  <File Type="BG-BGN" Name="controlador_vel_motor.bgn"/>
  <File Type="BG-BIN" Name="controlador_vel_motor.bin"/>
  <File Type="BITSTR-RBT" Name="controlador_vel_motor.rbt"/>
  <File Type="BITSTR-NKY" Name="controlador_vel_motor.nky"/>
  <File Type="BITSTR-BMM" Name="controlador_vel_motor_bd.bmm"/>
  <File Type="BITSTR-MMI" Name="controlador_vel_motor.mmi"/>
  <File Type="ROUTE-METHODOLOGY-DRC" Name="controlador_vel_motor_methodology_drc_routed.rpt"/>
  <File Type="BITSTR-SYSDEF" Name="controlador_vel_motor.sysdef"/>
  <File Type="BITSTR-LTX" Name="debug_nets.ltx"/>
  <File Type="BITSTR-LTX" Name="controlador_vel_motor.ltx"/>
  <File Type="WBT-USG" Name="usage_statistics_webtalk.html"/>
  <File Type="OPT-DRC" Name="controlador_vel_motor_drc_opted.rpt"/>
  <File Type="OPT-HWDEF" Name="controlador_vel_motor.hwdef"/>
  <File Type="PLACE-IO" Name="controlador_vel_motor_io_placed.rpt"/>
  <File Type="PLACE-UTIL" Name="controlador_vel_motor_utilization_placed.rpt"/>
  <File Type="PLACE-UTIL-PB" Name="controlador_vel_motor_utilization_placed.pb"/>
  <File Type="PLACE-CTRL" Name="controlador_vel_motor_control_sets_placed.rpt"/>
  <File Type="PLACE-PRE-SIMILARITY" Name="controlador_vel_motor_incremental_reuse_pre_placed.rpt"/>
  <File Type="ROUTE-DRC" Name="controlador_vel_motor_drc_routed.rpt"/>
  <File Type="ROUTE-DRC-PB" Name="controlador_vel_motor_drc_routed.pb"/>
  <File Type="ROUTE-PWR-RPX" Name="controlador_vel_motor_power_routed.rpx"/>
  <File Type="ROUTE-STATUS" Name="controlador_vel_motor_route_status.rpt"/>
  <File Type="ROUTE-STATUS-PB" Name="controlador_vel_motor_route_status.pb"/>
  <File Type="ROUTE-DCP" Name="controlador_vel_motor_routed.dcp"/>
  <File Type="ROUTE-ERROR-DCP" Name="controlador_vel_motor_routed_error.dcp"/>
  <File Type="ROUTE-BLACKBOX-DCP" Name="controlador_vel_motor_routed_bb.dcp"/>
  <File Type="ROUTE-TIMINGSUMMARY" Name="controlador_vel_motor_timing_summary_routed.rpt"/>
  <File Type="ROUTE-TIMING-PB" Name="controlador_vel_motor_timing_summary_routed.pb"/>
  <File Type="ROUTE-TIMING-RPX" Name="controlador_vel_motor_timing_summary_routed.rpx"/>
  <File Type="ROUTE-BUS-SKEW" Name="controlador_vel_motor_bus_skew_routed.rpt"/>
  <File Type="ROUTE-BUS-SKEW-PB" Name="controlador_vel_motor_bus_skew_routed.pb"/>
  <File Type="ROUTE-BUS-SKEW-RPX" Name="controlador_vel_motor_bus_skew_routed.rpx"/>
  <File Type="OPT-DCP" Name="controlador_vel_motor_opt.dcp"/>
  <File Type="PLACE-DCP" Name="controlador_vel_motor_placed.dcp"/>
  <File Type="PWROPT-DCP" Name="controlador_vel_motor_pwropt.dcp"/>
  <File Type="POSTPLACE-PWROPT-DCP" Name="controlador_vel_motor_postplace_pwropt.dcp"/>
  <File Type="PHYSOPT-DCP" Name="controlador_vel_motor_physopt.dcp"/>
  <File Type="POSTROUTE-PHYSOPT-DCP" Name="controlador_vel_motor_postroute_physopt.dcp"/>
  <File Type="POSTROUTE-PHYSOPT-BLACKBOX-DCP" Name="controlador_vel_motor_postroute_physopt_bb.dcp"/>
  <File Type="ROUTE-METHODOLOGY-DRC-PB" Name="controlador_vel_motor_methodology_drc_routed.pb"/>
  <File Type="ROUTE-DRC-RPX" Name="controlador_vel_motor_drc_routed.rpx"/>
  <File Type="ROUTE-METHODOLOGY-DRC-RPX" Name="controlador_vel_motor_methodology_drc_routed.rpx"/>
  <File Type="PDI-FILE" Name="controlador_vel_motor.pdi"/>
  <File Type="RCFI_FILE" Name="controlador_vel_motor.rcfi"/>
  <File Type="CFI_FILE" Name="controlador_vel_motor.cfi"/>
  <File Type="RNPI_FILE" Name="controlador_vel_motor.rnpi"/>
  <File Type="NPI_FILE" Name="controlador_vel_motor.npi"/>
  <File Type="RBD_FILE" Name="controlador_vel_motor.rbd"/>
  <File Type="ROUTE-RQS" Name="controlador_vel_motor_routed.rqs"/>
  <File Type="POSTROUTE-PHYSOPT-RQS" Name="controlador_vel_motor_postroute_physopted.rqs"/>
  <File Type="ROUTE-RQS-RPT" Name="route_report_qor_suggestions_0.rpt"/>
  <File Type="POSTROUTE-PHYSOPT-RQS-RPT" Name="postroute_physopt_report_qor_suggestions_0.rpt"/>
  <FileSet Name="sources" Type="DesignSrcs" RelSrcDir="$PSRCDIR/sources_1" RelGenDir="$PGENDIR/sources_1">
    <Filter Type="Srcs"/>
    <File Path="$PSRCDIR/sources_1/new/ContadorReset.vhd">
      <FileInfo>
        <Attr Name="ImportPath" Val="$PPRDIR/../Proyecto_Final_PHR_2023_V5/Proyecto_Final_PHR_2023_V5.srcs/sources_1/new/ContadorReset.vhd"/>
        <Attr Name="ImportTime" Val="1684085887"/>
        <Attr Name="UsedIn" Val="synthesis"/>
        <Attr Name="UsedIn" Val="simulation"/>
      </FileInfo>
    </File>
    <File Path="$PSRCDIR/sources_1/new/divisor_clk_1sg.vhd">
      <FileInfo>
        <Attr Name="ImportPath" Val="$PPRDIR/../Proyecto_Final_PHR_2023_V4/Proyecto_Final_PHR_2023_V3/Proyecto_Final_PHR_2023_V3/Proyecto_Final_PHR_2023_V3.srcs/sources_1/new/divisor_clk_1sg.vhd"/>
        <Attr Name="ImportTime" Val="1683821757"/>
        <Attr Name="UsedIn" Val="synthesis"/>
        <Attr Name="UsedIn" Val="simulation"/>
      </FileInfo>
    </File>
    <File Path="$PSRCDIR/sources_1/new/divisor_clk_2khz.vhd">
      <FileInfo>
        <Attr Name="ImportPath" Val="$PPRDIR/../Proyecto_Final_PHR_2023_V4/Proyecto_Final_PHR_2023_V3/PHR-main/PHR-main/Proyecto_Final_PHR_2023_V1/Proyecto_Final_PHR_2023_V1/Proyecto_Final_PHR_2023_V1.srcs/sources_1/new/divisor_clk_2khz.vhd"/>
        <Attr Name="ImportTime" Val="1683039468"/>
        <Attr Name="UsedIn" Val="synthesis"/>
        <Attr Name="UsedIn" Val="simulation"/>
      </FileInfo>
    </File>
    <File Path="$PSRCDIR/sources_1/new/flipflopD.vhd">
      <FileInfo>
        <Attr Name="ImportPath" Val="$PPRDIR/../Proyecto_Final_PHR_2023_V4/Proyecto_Final_PHR_2023_V3/PHR-main/PHR-main/Proyecto_Final_PHR_2023_V1/Proyecto_Final_PHR_2023_V1/Proyecto_Final_PHR_2023_V1.srcs/sources_1/new/flipflopD.vhd"/>
        <Attr Name="ImportTime" Val="1683039458"/>
        <Attr Name="UsedIn" Val="synthesis"/>
        <Attr Name="UsedIn" Val="simulation"/>
      </FileInfo>
    </File>
    <File Path="$PSRCDIR/sources_1/new/registro.vhd">
      <FileInfo>
        <Attr Name="ImportPath" Val="$PPRDIR/../Proyecto_Final_PHR_2023_V4/Proyecto_Final_PHR_2023_V3/PHR-main/PHR-main/Proyecto_Final_PHR_2023_V1/Proyecto_Final_PHR_2023_V1/Proyecto_Final_PHR_2023_V1.srcs/sources_1/new/registro.vhd"/>
        <Attr Name="ImportTime" Val="1683048356"/>
        <Attr Name="UsedIn" Val="synthesis"/>
        <Attr Name="UsedIn" Val="simulation"/>
      </FileInfo>
    </File>
    <File Path="$PSRCDIR/sources_1/new/comparator.vhd">
      <FileInfo SFType="VHDL2008">
        <Attr Name="ImportPath" Val="$PPRDIR/../Proyecto_Final_PHR_2023_V4/Proyecto_Final_PHR_2023_V3/PHR-main/PHR-main/Proyecto_Final_PHR_2023_V1/Proyecto_Final_PHR_2023_V1/Proyecto_Final_PHR_2023_V1.srcs/sources_1/new/comparator.vhd"/>
        <Attr Name="ImportTime" Val="1683048359"/>
        <Attr Name="UsedIn" Val="synthesis"/>
        <Attr Name="UsedIn" Val="simulation"/>
      </FileInfo>
    </File>
    <File Path="$PSRCDIR/sources_1/new/conversorAnalogicoDigital.vhd">
      <FileInfo SFType="VHDL2008">
        <Attr Name="ImportPath" Val="$PPRDIR/../Proyecto_Final_PHR_2023_V4/Proyecto_Final_PHR_2023_V3/Proyecto_Final_PHR_2023_V2/Proyecto_Final_PHR_2023_V2.srcs/sources_1/new/conversorAnalogicoDigital.vhd"/>
        <Attr Name="ImportTime" Val="1683217415"/>
        <Attr Name="UsedIn" Val="synthesis"/>
        <Attr Name="UsedIn" Val="simulation"/>
      </FileInfo>
    </File>
    <File Path="$PSRCDIR/sources_1/new/controlador_vel_motor.vhd">
      <FileInfo>
        <Attr Name="ImportPath" Val="$PPRDIR/../Proyecto_Final_PHR_2023_V4/Proyecto_Final_PHR_2023_V3/PHR-main/PHR-main/Proyecto_Final_PHR_2023_V1/Proyecto_Final_PHR_2023_V1/Proyecto_Final_PHR_2023_V1.srcs/sources_1/new/controlador_vel_motor.vhd"/>
        <Attr Name="ImportTime" Val="1683022445"/>
        <Attr Name="UsedIn" Val="synthesis"/>
        <Attr Name="UsedIn" Val="simulation"/>
      </FileInfo>
    </File>
    <File Path="$PSRCDIR/sources_1/new/pruebaWifi.vhd">
      <FileInfo>
        <Attr Name="AutoDisabled" Val="1"/>
        <Attr Name="ImportPath" Val="$PPRDIR/../Proyecto_Final_PHR_2023_V5/Proyecto_Final_PHR_2023_V5.srcs/sources_1/new/pruebaWifi.vhd"/>
        <Attr Name="ImportTime" Val="1683892731"/>
        <Attr Name="UsedIn" Val="synthesis"/>
        <Attr Name="UsedIn" Val="simulation"/>
      </FileInfo>
    </File>
    <File Path="$PSRCDIR/sources_1/new/contador_sec.vhd">
      <FileInfo>
        <Attr Name="AutoDisabled" Val="1"/>
        <Attr Name="ImportPath" Val="$PPRDIR/../Proyecto_Final_PHR_2023_V4/Proyecto_Final_PHR_2023_V3/PHR-main/PHR-main/Proyecto_Final_PHR_2023_V1/Proyecto_Final_PHR_2023_V1/Proyecto_Final_PHR_2023_V1.srcs/sources_1/new/contador_sec.vhd"/>
        <Attr Name="ImportTime" Val="1683022445"/>
        <Attr Name="UsedIn" Val="synthesis"/>
        <Attr Name="UsedIn" Val="simulation"/>
      </FileInfo>
    </File>
    <File Path="$PSRCDIR/sources_1/new/mux2.vhd">
      <FileInfo>
        <Attr Name="AutoDisabled" Val="1"/>
        <Attr Name="ImportPath" Val="$PPRDIR/../Proyecto_Final_PHR_2023_V4/Proyecto_Final_PHR_2023_V3/PHR-main/PHR-main/Proyecto_Final_PHR_2023_V1/Proyecto_Final_PHR_2023_V1/Proyecto_Final_PHR_2023_V1.srcs/sources_1/new/mux2.vhd"/>
        <Attr Name="ImportTime" Val="1683022445"/>
        <Attr Name="UsedIn" Val="synthesis"/>
        <Attr Name="UsedIn" Val="simulation"/>
      </FileInfo>
    </File>
    <Config>
      <Option Name="DesignMode" Val="RTL"/>
      <Option Name="TopModule" Val="controlador_vel_motor"/>
    </Config>
  </FileSet>
  <FileSet Name="constrs_in" Type="Constrs" RelSrcDir="$PSRCDIR/constrs_1">
    <Filter Type="Constrs"/>
    <File Path="$PSRCDIR/constrs_1/new/Basys3_Master.xdc">
      <FileInfo>
        <Attr Name="ImportPath" Val="$PPRDIR/../Proyecto_Final_PHR_2023_V4/Proyecto_Final_PHR_2023_V3/PHR-main/PHR-main/Proyecto_Final_PHR_2023_V1/Proyecto_Final_PHR_2023_V1/Proyecto_Final_PHR_2023_V1.srcs/constrs_1/new/Basys3_Master.xdc"/>
        <Attr Name="ImportTime" Val="1683022444"/>
        <Attr Name="UsedIn" Val="synthesis"/>
        <Attr Name="UsedIn" Val="implementation"/>
      </FileInfo>
    </File>
    <Config>
      <Option Name="TargetConstrsFile" Val="$PSRCDIR/constrs_1/new/Basys3_Master.xdc"/>
      <Option Name="ConstrsType" Val="XDC"/>
    </Config>
  </FileSet>
  <FileSet Name="utils" Type="Utils" RelSrcDir="$PSRCDIR/utils_1">
    <Filter Type="Utils"/>
    <File Path="$PPRDIR/../Proyecto_Final_PHR_2023_V4/Proyecto_Final_PHR_2023_V3/PHR-main/PHR-main/Proyecto_Final_PHR_2023_V1/Proyecto_Final_PHR_2023_V1/Proyecto_Final_PHR_2023_V1.srcs/utils_1/imports/synth_1/controlador_vel_motor.dcp">
      <FileInfo>
        <Attr Name="UsedIn" Val="synthesis"/>
        <Attr Name="UsedIn" Val="implementation"/>
        <Attr Name="UsedInSteps" Val="synth_1"/>
        <Attr Name="AutoDcp" Val="1"/>
      </FileInfo>
    </File>
    <Config>
      <Option Name="TopAutoSet" Val="TRUE"/>
    </Config>
  </FileSet>
  <Strategy Version="1" Minor="2">
    <StratHandle Name="Vivado Implementation Defaults" Flow="Vivado Implementation 2022"/>
    <Step Id="init_design"/>
    <Step Id="opt_design"/>
    <Step Id="power_opt_design"/>
    <Step Id="place_design"/>
    <Step Id="post_place_power_opt_design"/>
    <Step Id="phys_opt_design"/>
    <Step Id="route_design"/>
    <Step Id="post_route_phys_opt_design"/>
    <Step Id="write_bitstream"/>
    <Step Id="write_device_image"/>
  </Strategy>
  <BlockFileSet Type="BlockSrcs" Name="xadc_wiz_0"/>
</GenRun>
