<?xml version="1.0" encoding="UTF-8"?>
<GenRun Id="synth_1" LaunchPart="xc7a35ticpg236-1L" LaunchTime="1684423360" LaunchIncrCheckpoint="$PPRDIR/../Proyecto_Final_PHR_2023_V4/Proyecto_Final_PHR_2023_V3/PHR-main/PHR-main/Proyecto_Final_PHR_2023_V1/Proyecto_Final_PHR_2023_V1/Proyecto_Final_PHR_2023_V1.srcs/utils_1/imports/synth_1/controlador_vel_motor.dcp">
  <File Type="PA-TCL" Name="controlador_vel_motor.tcl"/>
  <File Type="REPORTS-TCL" Name="controlador_vel_motor_reports.tcl"/>
  <File Type="RDS-RDS" Name="controlador_vel_motor.vds"/>
  <File Type="RDS-UTIL" Name="controlador_vel_motor_utilization_synth.rpt"/>
  <File Type="RDS-UTIL-PB" Name="controlador_vel_motor_utilization_synth.pb"/>
  <File Type="RDS-DCP" Name="controlador_vel_motor.dcp"/>
  <FileSet Name="sources" Type="DesignSrcs" RelSrcDir="$PSRCDIR/sources_1" RelGenDir="$PGENDIR/sources_1">
    <Filter Type="Srcs"/>
    <File Path="$PSRCDIR/sources_1/new/ContadorReset.vhd">
      <FileInfo>
        <Attr Name="ImportPath" Val="$PPRDIR/../Proyecto_Final_PHR_2023_V5/Proyecto_Final_PHR_2023_V5.srcs/sources_1/new/ContadorReset.vhd"/>
        <Attr Name="ImportTime" Val="1684085887"/>
        <Attr Name="UsedIn" Val="synthesis"/>
        <Attr Name="UsedIn" Val="simulation"/>
      </FileInfo>
    </File>
    <File Path="$PSRCDIR/sources_1/new/divisor_clk_1sg.vhd">
      <FileInfo>
        <Attr Name="ImportPath" Val="$PPRDIR/../Proyecto_Final_PHR_2023_V4/Proyecto_Final_PHR_2023_V3/Proyecto_Final_PHR_2023_V3/Proyecto_Final_PHR_2023_V3.srcs/sources_1/new/divisor_clk_1sg.vhd"/>
        <Attr Name="ImportTime" Val="1683821757"/>
        <Attr Name="UsedIn" Val="synthesis"/>
        <Attr Name="UsedIn" Val="simulation"/>
      </FileInfo>
    </File>
    <File Path="$PSRCDIR/sources_1/new/divisor_clk_2khz.vhd">
      <FileInfo>
        <Attr Name="ImportPath" Val="$PPRDIR/../Proyecto_Final_PHR_2023_V4/Proyecto_Final_PHR_2023_V3/PHR-main/PHR-main/Proyecto_Final_PHR_2023_V1/Proyecto_Final_PHR_2023_V1/Proyecto_Final_PHR_2023_V1.srcs/sources_1/new/divisor_clk_2khz.vhd"/>
        <Attr Name="ImportTime" Val="1683039468"/>
        <Attr Name="UsedIn" Val="synthesis"/>
        <Attr Name="UsedIn" Val="simulation"/>
      </FileInfo>
    </File>
    <File Path="$PSRCDIR/sources_1/new/flipflopD.vhd">
      <FileInfo>
        <Attr Name="ImportPath" Val="$PPRDIR/../Proyecto_Final_PHR_2023_V4/Proyecto_Final_PHR_2023_V3/PHR-main/PHR-main/Proyecto_Final_PHR_2023_V1/Proyecto_Final_PHR_2023_V1/Proyecto_Final_PHR_2023_V1.srcs/sources_1/new/flipflopD.vhd"/>
        <Attr Name="ImportTime" Val="1683039458"/>
        <Attr Name="UsedIn" Val="synthesis"/>
        <Attr Name="UsedIn" Val="simulation"/>
      </FileInfo>
    </File>
    <File Path="$PSRCDIR/sources_1/new/registro.vhd">
      <FileInfo>
        <Attr Name="ImportPath" Val="$PPRDIR/../Proyecto_Final_PHR_2023_V4/Proyecto_Final_PHR_2023_V3/PHR-main/PHR-main/Proyecto_Final_PHR_2023_V1/Proyecto_Final_PHR_2023_V1/Proyecto_Final_PHR_2023_V1.srcs/sources_1/new/registro.vhd"/>
        <Attr Name="ImportTime" Val="1683048356"/>
        <Attr Name="UsedIn" Val="synthesis"/>
        <Attr Name="UsedIn" Val="simulation"/>
      </FileInfo>
    </File>
    <File Path="$PSRCDIR/sources_1/new/comparator.vhd">
      <FileInfo SFType="VHDL2008">
        <Attr Name="ImportPath" Val="$PPRDIR/../Proyecto_Final_PHR_2023_V4/Proyecto_Final_PHR_2023_V3/PHR-main/PHR-main/Proyecto_Final_PHR_2023_V1/Proyecto_Final_PHR_2023_V1/Proyecto_Final_PHR_2023_V1.srcs/sources_1/new/comparator.vhd"/>
        <Attr Name="ImportTime" Val="1683048359"/>
        <Attr Name="UsedIn" Val="synthesis"/>
        <Attr Name="UsedIn" Val="simulation"/>
      </FileInfo>
    </File>
    <File Path="$PSRCDIR/sources_1/new/conversorAnalogicoDigital.vhd">
      <FileInfo SFType="VHDL2008">
        <Attr Name="ImportPath" Val="$PPRDIR/../Proyecto_Final_PHR_2023_V4/Proyecto_Final_PHR_2023_V3/Proyecto_Final_PHR_2023_V2/Proyecto_Final_PHR_2023_V2.srcs/sources_1/new/conversorAnalogicoDigital.vhd"/>
        <Attr Name="ImportTime" Val="1683217415"/>
        <Attr Name="UsedIn" Val="synthesis"/>
        <Attr Name="UsedIn" Val="simulation"/>
      </FileInfo>
    </File>
    <File Path="$PSRCDIR/sources_1/new/controlador_vel_motor.vhd">
      <FileInfo>
        <Attr Name="ImportPath" Val="$PPRDIR/../Proyecto_Final_PHR_2023_V4/Proyecto_Final_PHR_2023_V3/PHR-main/PHR-main/Proyecto_Final_PHR_2023_V1/Proyecto_Final_PHR_2023_V1/Proyecto_Final_PHR_2023_V1.srcs/sources_1/new/controlador_vel_motor.vhd"/>
        <Attr Name="ImportTime" Val="1683022445"/>
        <Attr Name="UsedIn" Val="synthesis"/>
        <Attr Name="UsedIn" Val="simulation"/>
      </FileInfo>
    </File>
    <File Path="$PSRCDIR/sources_1/new/pruebaWifi.vhd">
      <FileInfo>
        <Attr Name="AutoDisabled" Val="1"/>
        <Attr Name="ImportPath" Val="$PPRDIR/../Proyecto_Final_PHR_2023_V5/Proyecto_Final_PHR_2023_V5.srcs/sources_1/new/pruebaWifi.vhd"/>
        <Attr Name="ImportTime" Val="1683892731"/>
        <Attr Name="UsedIn" Val="synthesis"/>
        <Attr Name="UsedIn" Val="simulation"/>
      </FileInfo>
    </File>
    <File Path="$PSRCDIR/sources_1/new/contador_sec.vhd">
      <FileInfo>
        <Attr Name="AutoDisabled" Val="1"/>
        <Attr Name="ImportPath" Val="$PPRDIR/../Proyecto_Final_PHR_2023_V4/Proyecto_Final_PHR_2023_V3/PHR-main/PHR-main/Proyecto_Final_PHR_2023_V1/Proyecto_Final_PHR_2023_V1/Proyecto_Final_PHR_2023_V1.srcs/sources_1/new/contador_sec.vhd"/>
        <Attr Name="ImportTime" Val="1683022445"/>
        <Attr Name="UsedIn" Val="synthesis"/>
        <Attr Name="UsedIn" Val="simulation"/>
      </FileInfo>
    </File>
    <File Path="$PSRCDIR/sources_1/new/mux2.vhd">
      <FileInfo>
        <Attr Name="AutoDisabled" Val="1"/>
        <Attr Name="ImportPath" Val="$PPRDIR/../Proyecto_Final_PHR_2023_V4/Proyecto_Final_PHR_2023_V3/PHR-main/PHR-main/Proyecto_Final_PHR_2023_V1/Proyecto_Final_PHR_2023_V1/Proyecto_Final_PHR_2023_V1.srcs/sources_1/new/mux2.vhd"/>
        <Attr Name="ImportTime" Val="1683022445"/>
        <Attr Name="UsedIn" Val="synthesis"/>
        <Attr Name="UsedIn" Val="simulation"/>
      </FileInfo>
    </File>
    <Config>
      <Option Name="DesignMode" Val="RTL"/>
      <Option Name="TopModule" Val="controlador_vel_motor"/>
    </Config>
  </FileSet>
  <FileSet Name="constrs_in" Type="Constrs" RelSrcDir="$PSRCDIR/constrs_1">
    <Filter Type="Constrs"/>
    <File Path="$PSRCDIR/constrs_1/new/Basys3_Master.xdc">
      <FileInfo>
        <Attr Name="ImportPath" Val="$PPRDIR/../Proyecto_Final_PHR_2023_V4/Proyecto_Final_PHR_2023_V3/PHR-main/PHR-main/Proyecto_Final_PHR_2023_V1/Proyecto_Final_PHR_2023_V1/Proyecto_Final_PHR_2023_V1.srcs/constrs_1/new/Basys3_Master.xdc"/>
        <Attr Name="ImportTime" Val="1683022444"/>
        <Attr Name="UsedIn" Val="synthesis"/>
        <Attr Name="UsedIn" Val="implementation"/>
      </FileInfo>
    </File>
    <Config>
      <Option Name="TargetConstrsFile" Val="$PSRCDIR/constrs_1/new/Basys3_Master.xdc"/>
      <Option Name="ConstrsType" Val="XDC"/>
    </Config>
  </FileSet>
  <FileSet Name="utils" Type="Utils" RelSrcDir="$PSRCDIR/utils_1">
    <Filter Type="Utils"/>
    <File Path="$PPRDIR/../Proyecto_Final_PHR_2023_V4/Proyecto_Final_PHR_2023_V3/PHR-main/PHR-main/Proyecto_Final_PHR_2023_V1/Proyecto_Final_PHR_2023_V1/Proyecto_Final_PHR_2023_V1.srcs/utils_1/imports/synth_1/controlador_vel_motor.dcp">
      <FileInfo>
        <Attr Name="UsedIn" Val="synthesis"/>
        <Attr Name="UsedIn" Val="implementation"/>
        <Attr Name="UsedInSteps" Val="synth_1"/>
        <Attr Name="AutoDcp" Val="1"/>
      </FileInfo>
    </File>
    <Config>
      <Option Name="TopAutoSet" Val="TRUE"/>
    </Config>
  </FileSet>
  <Strategy Version="1" Minor="2">
    <StratHandle Name="Vivado Synthesis Defaults" Flow="Vivado Synthesis 2022"/>
    <Step Id="synth_design"/>
  </Strategy>
  <BlockFileSet Type="BlockSrcs" Name="xadc_wiz_0"/>
</GenRun>
